,NeteaseMusic,NeteaseMusic,NeteaseMusic,SoundCloud,SoundCloud,SoundCloud,SoundCloud,SoundCloud,SoundCloud,SoundCloud,SoundCloud,SoundCloud
,neteaseId,neteaseName,neteaseDuration,soundcloudId,soundcloudName,soundcloudDuration,scCommentable,scCommentCount,scDownloadable,scDownloadCount,scLikeCount,genre
musicId,,,,,,,,,,,,
1,484365971,Good Drank,222746,289012639,2 Chainz -  Good Drank Feat. Quavo and Gucci Mane (Prod. Mike Dean),224803,True,762,False,0,366813,Hip-hop & Rap
5,421807033,No Heart,235102,301448548,21 Savage & Metro Boomin - No Heart,255919,True,2,True,23,30,
6,426852136,Red Opps,163428,245832993,Red Opps - Prod by Sonny Digital,163410,True,3743,False,0,617068,21 Savage
8,431811028,Prblms (Final),248502,259094492,PRBLMS,246853,True,1727,False,0,666173,R & B
9,437802847,Timeless (DJ SPINKING),184032,290241454,Timeless (DJ SPINKING),184128,True,4708,False,0,769420,Hip-hop & Rap
10,464674325,Drowning,209319,310583525,Drowning (feat. Kodak Black),30000,True,9902,False,0,1461901,Rap/Hip Hop
11,437802853,My Shit,128182,242326090,My Shit,30000,True,4051,False,1443,757323,Rap/Hip Hop
12,440208439,We The People....,172068,293741042,"We The People- A Tribe Called Quest (Remix/Gmix) ""I see Dead People""",101965,True,4,True,100,230,Hip-hop & Rap
17,35847388,Hello,295502,230155983,Hello - Adele,300880,True,5460,False,100,880568,hello
19,428423168,Water Under the Bridge,240439,248171100,Adele  Water Under The Bridge,269790,True,6,False,0,3880,Adele
20,539372582,Al Jarreau-We're In This Love Together（程昭瑜 Remix）,240000,199523978,We're In This Love Together,30000,True,2,False,0,407,Jazz
21,36990266,Faded,212626,256888193,Alan Walker & Iselin Solheim - Faded (Hardwell Remix) [FREE DOWNLOAD],203120,True,15,False,0,1477,EDM
23,437856225,How Far I'll Go,175568,314001417,How Far I'll Go (Alessia Cara Version),30000,True,393,False,0,39714,Soundtrack
25,36587834,Scars To Your Beautiful,230295,273587328,Alessia Cara - Scars To Your Beautiful,233032,True,145,False,0,21085,Acoustic
26,36190363,Wild Things,188581,263968194,Alessia Cara X G-Eazy - Wild Things (Young Bombs Remix),242411,True,680,False,0,171305,BOMB
28,436487387,Not Easy,245620,298565503,"Alex Da Kid - Not Easy (feat. X Ambassadors, Elle King & Wiz Khalifa) (Cover by Sophia Dion)",197633,True,0,False,0,232,Alternative Pop Soul
31,447279559,Caroline (Lege Kale Remix),252290,251059513,Caroline,30000,True,10887,False,0,1242483,Hip Hop
32,34280241,Rise Up,253399,215131716,Rise Up,30000,True,1519,False,0,197057,R&B
33,423118988,Fresh Eyes,198066,286083117,Andy Grammer - Fresh Eyes (AMIGO Merengue Edit)*FREE DL IN DESCRIPTION*,231570,True,65,False,100,11005,Pachanga
34,5147360,It's The Most Wonderful Time Of The Year,151000,297142482,Andy Williams - It's The Most Wonderful Time Of The Year,148598,True,7,False,0,14,R&B & Soul
35,430208474,True Colors,243720,264234097,Justin Timberlake feat Anna Kendrick - True Colors,177961,True,53,False,0,5826,Pop
37,420513582,Alarm (Marshmello Remix),219768,272771737,Anne Marie - Alarm (Marshmello Remix),219813,True,1469,False,0,272570,Dance & EDM
38,458697808,Ciao Adios,200156,307079751,Anne-Marie - Ciao Adios (Decoy! Remix),185356,True,163,False,0,51226,Electronic
39,456185245,Thief,220708,304496811,Thief,30000,True,123,False,0,28084,Pop
40,455311526,Beauty and the Beast,227752,314484335,Ariana Grande & John Legend - Beauty And The Beast,226346,True,0,False,0,9,Soundtrack
42,406346140,Dangerous Woman,235946,251666381,Ariana Grande - Dangerous Woman (Live from SNL),229662,True,384,False,0,52384,
43,28977745,One Last Time,197280,203405316,One Last Time - Ariana Grande,193219,True,915,False,0,151553,arianagrande
44,431079380,Forever Country,242520,336786543,"Artists Of Then, Now   Forever - Forever Country",253385,True,2,False,0,217,Country
46,459078774,Rolex,238628,329646145,Ayo And Teo - Rolex #rolexchallenge,147630,True,856,False,984,129075,Hip-hop & Rap
48,29743112,Do They Know It's Christmas? (2014),228000,181699171,"""Do They Know It's Christmas"" (Feed The World) By Tribute Band Aid",220049,True,13,False,0,1080,Band Aid
49,420154495,Good Grief (Don Diablo Remix),239046,278128721,Bastille - Good Grief (Don Diablo Remix),162810,True,54,False,0,32876,Dance & EDM
50,16855884,Fight For Your Right,207621,151177627,Beastie Boys - Fight For Your Right,310180,True,1,False,0,30,Cover
51,437480940,I Got You,191866,289391673,I Got You,30000,True,795,False,0,110768,Pop
52,32028222,Might Not ,224000,269462195,"Might Not Remix (feat. 2 Chainz, Yo Gotti & The Weeknd)",237057,True,22,False,0,12147,
54,34228717,Brand New,243983,217112905,Brand New,244058,True,98,False,0,10884,Singer-Songwriter
55,456175320,No Favors,325840,305978955,Big Sean Ft. Eminem - No Favors (Instrumental) (Reprod. Wocki Beats),313941,True,18,False,0,1555,Hip-hop & Rap
56,30474373,Blessings,302000,255792044,Blessings (feat. Drake),30000,True,228,False,0,65356,Hip Hop
57,438580521,Bounce Back,222423,290337922,Bounce Back,30000,True,7476,False,0,1115684,Hip Hop
58,454053973,Halfway Off The Balcony,230960,304349639,Big Sean - Halfway Off The Balcony,201212,True,5,False,0,5895,Hip-hop & Rap
59,456185312,Jump Out The Window,213693,383539697,Big Sean - Jump Out The Window,276427,True,13,False,0,8393,
61,448742169,Moves,142906,298169427,Moves,30000,True,1098,False,0,344980,Hip Hop
66,32019064,It Don't Hurt Like It Used To,185000,256164388,It Don't Hurt Like It Used To,30000,True,41,False,0,12547,Country
67,402070513,River,219999,242743046,River,30000,True,697,False,0,121965,Alternative
68,493448483,do re mi,233743,333876877,Blackbear - Do Re Mi,196223,True,25,False,0,2362,
69,412327691,A Guy With a Girl,190914,262872067,A Guy With a Girl,30000,True,45,False,0,8596,Country
70,406037956,Came Here to Forget,220395,250817981,Came Here to Forget,30000,True,317,False,0,57900,Country
71,412327687,Every Time I Hear That Song,215829,262872047,Every Time I Hear That Song,30000,True,35,False,0,6116,Country
72,412327692,Go Ahead and Break My Heart,265195,262872079,Go Ahead and Break My Heart (feat. Gwen Stefani),30000,True,14,False,0,2529,Country
73,412327685,She's Got a Way With Words,191541,262872077,She's Got a Way With Words,30000,True,107,False,0,16531,Country
74,428375814,Bored to Death (Steve Aoki Remix),238561,263284333,Bored To Death,30000,True,640,False,0,47140,Rock
75,479198472,Rabbit Hole,155820,273370253,Rabbit Hole - Blink 182 [California] VideoNDescription Youtube: Der Witz,213988,True,3,True,94,21,Hip-hop & Rap
78,16699240,Jingle Bell Rock,130560,299323965,Bobby Helms - Jingle bell rock,128247,True,0,False,0,3,
79,3950785,Livin' On A Prayer,251400,16737972,Livin On A Prayer - Bon Jovi,254162,True,1113,False,0,81113,
80,412951255,Without a Fight,234631,270777582,Without A Fight by Brad Paisley Feat. Demi Lovato Cover,172083,True,0,True,8,3,Country
83,422390558,The Weekend,190537,274298239,The Weekend,30000,True,98,False,0,19811,Country
85,2217842,Rockin' Around the Christmas Tree,125832,307468464,Brenda Lee -Rockin Around The Christmas Tree,125450,True,0,True,13,6,
86,461544798,Somethin' I'm Good At,217312,308153939,Somethin' I'm Good At,30000,True,23,False,0,2569,Country
87,34468882,Wanna Be That Song,236277,218060089,Wanna Be That Song,30000,True,66,False,0,22402,Country
88,403382427,In Case You Didn't Know,224914,354916562,Kane Brown - Heaven.  Josh Turner - Hometown Girl.  Brett Young - In Case you Didn't Know.  Old Dominion - No Such thing as a Broken Heart,853342,True,267,False,0,42693,
89,403382424,Sleep Without You,187872,316649679,Brett Young-sleep without you,164325,True,0,False,15,8,Country
90,421203369,Make Me... ,231266,278323698,Britney Spears Ft. G-Eazy - Make Me (Tom Budin Official Remix),189248,True,156,False,0,7651,Budin Future
92,421203369,Make Me... ,231266,278323698,Britney Spears Ft. G-Eazy - Make Me (Tom Budin Official Remix),189248,True,156,False,0,7651,Budin Future
93,418708830,What the World Needs Now Is Love,224049,275363870,What The World Needs Now Is Love - Broadway For Orlando (DJ Mike Cruz House Mix),530020,True,4,False,0,91,House
94,469508782,Dance Like Me,172329,310272316,Dance Like Me,172267,True,123,False,0,1973,
95,37993599,It Ain't My Fault,216842,256211554,It Ain't My Fault,30000,True,37,False,0,4302,Country
96,433681259,24K Magic,226906,289018517,Bruno Mars - 24K Magic (Conor Maynard vs. Alex Aiono),214170,True,310,False,0,41434,Pop
98,441120471,That's What I Like,206693,316751337,Bruno Mars - That’s What I Like,288836,True,15,False,100,5610,
100,33516061,Don't,199915,171442160,Bryson Tiller ~ Don't,198418,True,5957,False,0,1337140,Bryson Tiller
101,35040520,Exchange,194664,234878726,Bryson Tiller Exchange,192096,True,430,False,100,81864,Bryson Tiller Exchange
102,1127655,A Holly Jolly Christmas,82939,315986720,A Holly Jolly Christmas,30000,True,1,False,0,116,Oldies
105,406846815,Dancing On My Own,260063,168055366,Dancing On My Own,30000,True,1056,False,0,202050,Pop
106,461544911,Slide,230393,312598587,Calvin Harris Ft. Frank Ocean & Migos - Slide,226162,True,17,False,0,9283,Electronic
107,478029097,Rollin,272269,324706368,Calvin Harris - Rollin Ft. Future & Khalid [Rendition] (Cover by Shayan),264018,True,20,True,174,3317,Synth-funk
108,411314681,This Is What You Came For ,222223,269585702,Calvin Harris & Rihanna - This Is What You Came For(R3hab & Henry Fong Remix),196955,True,1050,False,0,254093,Dance & EDM
109,469065278,Heatstroke,228525,346925194,"Calvin Harris Feat. Pharrell, Ariana Grande, Young Thug - Heatstroke (Official WAV Instrumental)",521,True,0,False,0,5,
110,430297325,My Way,219159,284742305,Calvin harris - My Way,221093,True,197,False,0,23138,
113,479198379,Crying in the Club,216391,331730744,Camila Cabello - Crying In The Club,218141,True,1,True,58,194,Camila Cabello
114,479408889,I Have Questions,221881,323913020,Camila Cabello - I Have Questions,227809,True,21,False,0,8118,Pop
115,414980057,La Bicicleta,227509,266280036,La Bicicleta - Carlos Vives Ft. Shakira (Dj Gindor Rmx),224595,True,1083,False,0,68772,Reggaeton
116,454698192,Church Bells,192200,288690577,"Carrie Underwood - Church Bells,  Earl Dibbles Jr - Merica, Thomas Rhett - Crash and Burn & T-shirt",930150,True,63,False,0,3874,Country
117,35847113,Dirty Laundry,205171,287607937,Dirty Laundry - Carrie Underwood (Cover by Cassidy-Rae),100528,True,8,True,310,161,Carrie Underwood
119,464035730,How Does a Moment Last Forever,217537,315910614,Celine Dion - How Does a Moment Last Forever,100685,True,0,False,0,6,
120,414118705,No Problem,304606,266129708,No Problem (feat. Lil Wayne & 2 Chainz),304693,True,7258,False,0,946061,Hip-hop & Rap
123,402668724,The Only One Who Gets Me,225280,188558497,We Are The Emergency - My Conscience Is The Only One Who Gets Me,287269,True,0,True,48,24,soft rock
124,437605840,After the Afterparty,219506,294265005,After The Afterparty ft. Lil Yachty (Danny L Harle Remix),225640,True,96,False,0,4230,
126,401249910,We Don't Talk Anymore,217779,258143092,Charlie Puth - We Don't Talk Anymore Ft. Selena Gomez (Heyder Remix) [Official Remix],225588,True,5652,False,0,117501,Pop
127,473817398,Attention,208786,318727281,Attention,30000,True,1805,False,0,470768,Pop
128,35470060,One Call Away,192133,220171836,One Call Away,192148,True,4386,False,0,421127,Charlie Puth
133,467952465,No Promises,223503,314294244,No Promises (feat. Demi Lovato),30000,True,473,False,0,109726,Pop
135,440411247,Me And Your Mama,379274,290949554,Me And Your Mama,30000,True,787,False,0,107324,R&B
136,441489378,Redbone,326983,291270561,Redbone,30000,True,3621,False,0,749270,R & B
139,446550006,Party,220865,299265610,Chris Brown - Party ft. Usher & Gucci Mane (Cover/Remix),169158,True,94,False,0,20981,R&B & Soul
140,36496743,Back To Sleep,201691,238276822,Chris Brown - Back To Sleep (Royalty),207561,True,1459,False,0,398034,Chris Brown
141,412016575,Grass Ain't Greener,201482,265356469,Chris Brown - Grass Ain't Greener,186321,True,102,False,100,41058,
142,467805070,Privacy,221022,314890996,Chris Brown - Privacy,208031,True,80,False,100,58435,
143,36062425,Holdin' Her,244584,129179757,Chris Janson - Holdin' Her,248708,True,3,False,0,428,Chris Janson
144,36687268,Fix,189231,252792416,Fix,30000,True,31,False,0,8825,Country
145,36687270,For Her,212218,252792549,For Her,30000,True,30,False,0,6645,Country
146,1152388,Driving Home For Christmas,243826,72605455,Chris Rea - Driving Home For Christmas,241367,True,13,False,100,1695,
147,471411438,Broken Halos,180898,297942319,Chris Stapleton - Broken Halos,177126,True,3,False,0,342,Country
148,476324757,Either Way,248057,318720278,Either Way,30000,True,10,False,0,3625,Country
149,31789301,Fire Away,244000,328267881,Chris stapleton - Fire away,190240,True,1,False,0,14,
150,31789304,Parachute,253000,290262372,Chris Stapleton - Parachute.  Eric Church - Having a Record Year.  Outlaw - Yuppie Folks Cant Survive.  Florida Gerogia Line - Sippin on Fire,849059,True,32,False,0,3831,country
151,31789305,Tennessee Whiskey,293000,464966859,Chris Stapleton-Tennessee Whiskey,294530,True,0,False,0,1,Entertainment
152,35847270,Think of You,220264,260416837,Think Of You (Cover) - Chris Young & Cassadee Pope,214771,True,0,False,62,345,Country
153,36388185,Sober Saturday Night (feat. Vince Gill),194612,300825684,Sober Saturday Night,200690,True,0,False,0,0,Country
156,417613370,Change,186897,276354483,Christina Aguilera - Change,180418,True,0,True,34,26,Christina Aguilera
157,32272029,Tilted,233000,218060850,Christine and the Queens - Tilted (Paradis Remix),350178,True,91,False,0,11249,Pop
158,22078171,Johnny B. Goode,161332,41575549,Johnny B Goode (Chuck Berry),162125,True,36,False,0,6792,Rock 'n' Roll
159,414980062,Tears,225959,272588354,Tears (feat. Louisa Johnson)(99 Souls Remix),218168,True,185,False,0,19089,House
160,436487056,Rockabye,251115,287309000,Rockabye (feat. Sean Paul & Anne-Marie),30000,True,1937,False,0,288922,Dance
161,466126510,Symphony,214866,310374864,Symphony (feat. Zara Larsson),30000,True,841,False,0,136225,Dance
162,436487056,Rockabye,251115,289829014,Clean Bandit - Rockabye Ft. Sean Paul & Anne - Marie  ( Dj.IsI Rework ),252888,True,682,False,100,371326,Dance & EDM
166,463014554,Hypnotised,355172,310830287,Hypnotised - Coldplay,354096,True,0,False,0,769,Piano
167,409149363,Flatliner,176285,256822383,Flatliner (feat. Dierks Bentley),30000,True,65,False,0,9466,Country
168,409149364,Middle of a Memory,227346,260852462,Middle of a Memory,30000,True,219,False,0,39397,Country
169,39122599,You Should Be Here,189985,236107824,You Should Be Here,30000,True,780,False,0,73635,Country
170,458697639,The Scientist,196040,326788790,Corinne Bailey Rae - The Scientist,196170,True,0,True,36,17,Cover
171,426107655,Ain't Giving Up,158537,279960979,Craig David & Sigala - Ain't Giving Up (Sigala Club Edit),229898,True,103,False,0,10066,Dance & EDM
172,415793672,Broccoli,225253,285473257,D.R.A.M & Lil Yachty - Broccoli (Kahoot Version) [Original],80071,True,95,False,0,3250,Mashup
174,412187079,Wishing ,252377,260206617,"DJ Drama ""Wishing"" featuring Chris Brown, Skeme, and Lyquin",252391,True,465,False,0,187118,Hip-hop & Rap
175,426434116,Too Much Sauce,223137,270727594,DJ Esco - Too Much Sauce Feat Future & Lil Uzi Vert [Prod By DJ Esco & Zaytoven],218350,True,6686,False,0,913112,
176,459078798,Shining,281043,310557272,DJ Khaled - Shining Ft. Beyonce & Jay Z,255631,True,13,False,0,10030,
177,416011536,For Free,183762,276671692,DJ Khaled Ft. Drake - For Free DJ-Sup3Rn0vz,199593,True,80,False,0,39937,Hip-hop & Rap
179,418602694,I Got the Keys ,219820,275947922,I Got The Keys - Dj Khaled Ft. Jay Z & Future,140708,True,21,False,1324,4323,Hip-hop & Rap
180,475207448,I'm the One ,288876,320064243,"I'm The One - DJ Khaled, Justin Bieber, Quavo, Chance The Rapper, Lil Wayne (Piano Cover)",288418,True,99,False,0,16666,Pop
181,422790152,Do You Mind,325613,276979371,"Dj khaled - Do You Mind Ft. Nicki Minaj, Chris Brown, August Alsina, Jeremih, Future (cover/remix)",257695,True,94,False,0,27771,R&B & Soul
184,422977350,Holy Key,282144,193111826,DJ KHALED - Holy Key,204610,True,12,False,0,62,Hip-hop & Rap
185,418602694,I Got the Keys ,219820,274404967,DJ Khaled feat. Future & Jay-Z - I Got The Keys (Awoltalk Remix),171170,True,287,False,0,11411,Trap
186,459078798,Shining,281043,310557272,DJ Khaled - Shining Ft. Beyonce & Jay Z,255631,True,13,False,0,10030,
187,447280985,OTW (Remix),222125,294161510,OTW (Remix) [Feat. 2 Chainz],219630,True,19,False,0,10623,Hip-hop & Rap
188,533582300,Key to the Streets,345103,290586209,Slim Thug Key to the Streets (Remix) [feat. killa kyleon,143372,True,1,False,0,343,Hip-hop & Rap
189,35539137,Middle,220633,257275094,DJ Snake ft. Bipolar Sunshine - Middle (4B Remix),177440,True,577,False,0,66362,Jersey Club
192,27888500,Turn Down for What,213838,125529024,TURN DOWN FOR WHAT - DJ SNAKE & LIL JON,213622,True,21571,False,0,901229,CRUNK
196,461544287,Cash Me Outside (#CashmeOutside),129451,330189276,DJ Suede The Remix God - Cash Me Outside (#CashMeOutside),173756,True,0,False,0,119,Hip-hop & Rap
197,34722449,Cake By The Ocean,218488,260402125,Cake By The Ocean,30000,True,970,False,0,69902,Pop
199,409736083,Shaky Shaky,234370,261415172,Daddy Yankee - Shaky Shaky,231883,True,2,False,100,2050,Reggaeton
200,417911071,"Wat U Mean (Aye, Aye, Aye)",181786,248429618,"Dae Dae - Wat U Mean (Aye, Aye, Aye)",181855,True,2130,False,0,457171,daedae
201,402677250,From The Ground Up,254328,245566366,From the Ground Up,30000,True,475,False,0,50947,Country
202,411921846,How Not To,193282,262435920,How Not To,30000,True,19,False,0,9280,Country
203,457770259,When I Pray For You,209173,304692535,When I Pray For You,30000,True,10,False,0,2686,Country
204,464035727,Evermore,194541,313419250,Evermore - Dan Stevens (HVK Cover),221381,True,1,False,0,125,Soundtrack
205,419238485,If I Told You,211719,270528279,If I Told You,30000,True,46,False,0,12101,Country
207,3406918,Titanium,237586,27086074,David Guetta ft. Sia - Titanium (Nicky Romero Remix),131601,True,1123,False,0,137459,
209,33389023,Night's On Fire,189000,256150068,Night's On Fire,30000,True,54,False,0,11172,Country
210,32341840,Hide Away,191000,227358350,Daya - Hide Away (VIRTU Remix),212708,True,892,False,0,159263,Daya
211,433681275,"Sit Still, Look Pretty",202292,280346064,"Daya - Sit Still, Look Pretty (R!OT Remix)",206803,True,216,False,0,17935,Dance & EDM
212,419594193,Body Say,193893,271990913,Demi Lovato - Body Say,190607,True,13,False,0,1695,Pop
215,422132414,Tiimmy Turner,239911,286143510,Tiimmy Turner (Remix) [feat. Kanye West],30000,True,121,False,0,23555,Hip Hop
216,414979056,Different for Girls,180953,266680200,Dierks Bentley - Different For Girls  Ft. Elle King-JavierMartinezVevo,204636,True,13,False,0,5719,TRAP
217,412902122,Black,210465,313703482,Dierks Bentley - Black (ZANKY REMIX),236377,True,0,False,0,468,Dance & EDM
219,28282494,Drunk On a Plane,254466,146920682,Dierks Bentley - Drunk On A Plane,20978,True,12,False,0,615,Dierks Bentley
220,41636161,Somewhere on a Beach,197137,247106338,Somewhere On A Beach (Dierks Bentley cover),193820,True,37,False,0,1805,Dierks Bentley Somewhere On A Beach
221,460298237,On My Mind,186148,306534176,On My Mind,30000,True,41,False,0,27377,Dance
222,34125287,The Sound Of Silence,248506,237853574,The Sound Of Silence,248578,True,1138,False,0,91404,Disturbed
224,436487741,Sneakin',251356,289681343,"Drake - ""Sneakin' (ft. 21 Savage)"" Type Beat",273605,True,20,False,0,5204,Hip-hop & Rap
225,466343436,Get It Together,250290,313629447,Drake - Get It Together [Instrumental] ft. Black Coffee & Jorja Smith (More Life),255736,True,7,False,0,1870,Hip-hop & Rap
227,34828314,Jumpman,205937,227317035,Drake ft future- jumpman,204610,True,1217,False,0,214681,
228,466343446,Kmt,162560,332301467,Miguel Bastida - Come On Everybody (Wade Remix) VS Drake ft. Giggs - KMT [ JOYRYDE Mashup ],401565,True,17,True,9,728,House
229,466343433,No Long Talk,148250,314024933,Drake x Giggs - No Long Talk (Dropwizz Remix),192070,True,14,False,133,432,Trap
230,466343449,Glow,206070,314058558,Drake - Glow Ft. Kanye West,204166,True,0,False,0,130,
232,411349766,Faithful,290203,263476018,drake Faithful (feat. Pimp C & Dvsn),51,True,0,False,0,14,
233,408332283,Controlla,246851,256774125,DRAKE- CONTROLLA (FEAT. POPCAAN) *HQ* COVER,177151,True,728,False,0,68949,Reggaeton
234,466343442,Portland,236530,325404876,Portland - Drake feat. Quavo & Travis Scott Remix,120200,True,15,True,112,3916,
235,411907124,Too Good,263474,291705884,Drake Rihanna - Too Good,236011,True,0,False,0,2,
236,466343439,4422,186277,315117592,4422 by Drake feat Sampha,236247,True,6,False,0,478,
237,409020734,Pop Style,209513,257530614,Drake Ft. Kanye West & Jay Z (The Throne) - Pop Style (KatManDu REMIX) [Instrumental],207405,True,2,False,0,285,Hip-hop & Rap
238,409031076,One Dance,174033,261880255,Drake - One Dance (Ft. Wizkid & Kyla),216652,True,10,False,0,2537,Hip-hop & Rap
239,466343452,Ice Melts,250700,314673604,Drake  Young Thug  Ice Melts lyrics  YouTube-MP3.mp3,222975,True,1,False,0,87,
242,466343438,Blem,216500,377483987,Drake - Blem,176812,True,0,False,0,180,Hip-hop & Rap
243,466343448,Can't Have Everything,228360,313626446,*SOLD* Can't Have Everything | Drake Type Beat,194760,True,14,False,100,361,Drake type beat
244,411349771,Childs Play,241464,263476012,drake Childs Play,51,True,0,False,0,9,
247,466343453,Do Not Disturb,282110,328196202,Do Not Disturb - Drake (instrumental reprod),270861,True,17,False,0,15331,Hip-hop & Rap
249,436487740,Fake Love,210927,291242502,Drake - Fake Love,134255,True,320,False,0,26022,R&B & Soul
251,411349761,Feel No Ways,240721,263476033,drake Feel No Ways,51,True,0,False,100,4,
252,411349775,Fire & Desire,238213,262961050,Drake - Fire & Desire,174279,True,35,False,0,16756,Hip-hop & Rap
253,466343432,Free Smoke,219960,469384446,Drake Free Smoke,139559,True,2,False,0,2,
257,466343440,Gyalchester,189210,317784324,Drake gyalchester,109019,True,0,True,32,21,
260,466343435,Jorja Interlude,107660,415368603,Jorja interlude Slowed - Drake,29886,True,0,False,0,31,Hip-hop & Rap
263,411349758,Keep the Family Close,328980,261630158,Drake - keep the family close,173730,True,0,False,0,67,Hip-hop & Rap
264,466343447,Lose You,305330,270990756,Drake X Eminem - You & Me vs Over vs Forever vs Lose Yourself,279770,True,5,False,0,2043,Mashup
265,466343437,Madiba Riddim,205150,335437690,Tone - Stith - Drake - Cover - Madiba - Riddim,163045,True,3,False,0,664,
267,466343444,Nothings Into Somethings,153640,324143391,Drake - Nothings Into Somethings,80987,True,2,True,6,21,
269,466343434,Passionfruit,298890,314958177,Drake - Passionfruit (Official Video),195230,True,128,False,0,41706,Hip-hop & Rap
273,411349764,Redemption,334019,264242413,Drake - Redemption,170700,True,5,False,0,2458,R&B & Soul
275,466343450,Since Way Back,368000,315517705,"SINCE WAY BACK , LOCATION by Drake, PARTYNEXTDOOR (More Life) and Khalid Cover - by FANFAN",185800,True,0,False,0,88,R&B & Soul
277,436487741,Sneakin',251356,297918571,Drake - Fake Love x Sneakin' (Normani Kordei Mashup Cover),207900,True,119,False,0,9538,R&B & Soul
278,411349767,Still Here,189916,264231560,Drake - Still Here,186400,True,40,False,0,8126,Hip-hop & Rap
279,41650688,Summer Sixteen,202504,245617866,Drake - Summer Sixteen,174096,True,17,False,789,129,Hip-hop & Rap
280,466343445,Teenage Fever,219630,314175712,Drake - Teenage Fever Cover ( Follow me ❤ ),203669,True,24,False,0,5795,
283,411349760,U With Me?,297424,265802850,Drake - U With Me?,237449,True,6,False,0,1088,Hip-hop & Rap
284,411349776,Views,312029,309051870,Drake - Views,81666,True,0,True,12,1,rap
285,411349763,Weston Road Flows,253585,263476027,drake Weston Road Flows,51,True,0,False,0,3,
287,401421221,Body,220995,256255159,Body (feat. Jeremih),30000,True,179,False,0,105308,Hip Hop
291,36060483,Be The One,202945,230188717,Be The One,30000,True,355,False,0,79455,Pop
292,481535725,Blow Your Mind (Mwah),178583,279416945,Blow Your Mind (Mwah),30000,True,171,False,0,38176,Pop
293,29357152,Mind Reader,185469,255616958,Mind Reader,30000,True,17,False,0,4183,Country
294,419238484,Seein' Red,194118,268977854,Seein' Red,30000,True,32,False,0,3476,Country
295,461167362,Small Town Boy,205728,307668493,Small Town Boy,30000,True,143,False,0,29800,Country
297,425295731,My Girl,197640,260604519,Dylan Scott - My Girl (Stripped),201552,True,13,False,0,2127,
298,451701104,Castle on the Hill,260756,301412442,Ed Sheeran - Castle On The Hill,231727,True,76,False,1000,24265,pop 
299,460043709,How Would You Feel (Paean),280533,308198062,Ed Sheeran - How Would You Feel (Paean),285152,True,22,False,0,11858,
301,451703096,Shape of You,231037,301161123,Shape of You,30000,True,4853,False,0,643061,Pop
303,473602850,Mr. Blue Sky,303340,326576278,Mr. Blue Sky (Originally Performed By Electric Light Orchestra) [Full Vocal Version],304877,True,14,False,0,3563,Karaoke
304,31192799,America's Sweetheart,245000,262860890,Elle King - America's Sweetheart (Risto Remix) [PREVIEW],90991,True,2,False,0,431,Folk House
305,426502151,Still Falling for You,240901,285107325,Ellie Goulding - Still Falling For You (Nick Talos Remix),226632,True,634,False,0,26505,Dance
306,5147375,Step Into Christmas,268000,31592604,Step Into Christmas - Elton John Cover,269790,True,2,False,0,12,
307,430297342,Hurts,238422,288193455,Emeli Sandé - Hurts,236195,True,2,False,0,1072,
308,1297841,Love The Way You Lie,263785,35539963,Eminem Ft Rihanna Love The Way You Lie (Alexander Milchinskiy arrangement),267987,True,136,False,100,40973,
309,1300766,Infinite,241053,120434489,Eminem - Infinite,243405,True,2,False,0,186,Eminem
310,464035724,Something There,174878,300429822,Beauty And The Beast - Emma Watson Singing 'Something There' (2017) - Chipmunk,32838,True,0,False,0,16,Chipmunk
311,461544502,SUBEME LA RADIO,208213,309258289,Enrique Iglesias Feat. Descemer Bueno & Zion Y Lennox - Subeme La Radio (A†lan6 Mix),194996,True,155,False,0,91854,Latin
313,36317583,Kill a Word,199691,256245273,Kill A Word,30000,True,36,False,0,6518,Country
314,36317585,Record Year,179815,290262372,Chris Stapleton - Parachute.  Eric Church - Having a Record Year.  Outlaw - Yuppie Folks Cant Survive.  Florida Gerogia Line - Sippin on Fire,849059,True,32,False,0,3831,country
319,456486030,Keep Your Eyes On Me,251013,313004330,Nightcore Tim McGraw & Faith Hill's “Keep Your Eyes On Me,217515,True,0,False,0,214,R&B & Soul
324,419254882,M.I.L.F. $,162423,277254688,Fergie - M.I.L.F.$,164038,True,3,False,0,222,Pop
325,410607789,Wake Up,224026,266499949,Fetty Wap - Wake Up,226632,True,3,False,0,607,Dance & EDM
327,404783205,Work from Home,214517,257959948,Fifth Harmony - Work From Home Feat. Ty Dolla $ign,199176,True,91,False,0,20062,
329,414980058,That's My Girl,204068,339584297,Fifth Harmony - That's My Girl,3473,True,0,True,8,2,
331,407839677,HandClap,193201,254864491,HandClap,193245,True,905,False,0,78156,Alternative Rock
332,473602853,The Chain,266736,167282580,Fleetwood Mac - The Chain,286850,True,92,False,12,24339,Folk Rock
333,447296411,Cake,184764,325326159,Flo Rida & 99 Percent - Cake,184807,True,13,False,0,1913,Hip-hop & Rap
334,31053306,My House,192000,244865697,Flo Rida - My House,189221,True,1551,False,100,142053,Original
336,426290604,"God, Your Mama, And Me",184111,315733631,God Your Mama And Me - Florida Georgia Line ft Backstreet Boys [Redline Offcial Cover],186218,True,28,False,0,3572,Pop
337,421148461,May We All,226649,275371073,Florida Georgia Line ft. Tim McGraw - May We All (David Gordon Cover),159100,True,5,False,0,405,Country
338,29498924,Confession,190667,239358640,"""Confession""- Florida Georgia Line (Insta@StevenMartinezMusic)",190083,True,26,False,1000,5897,country
339,411314536,H.O.L.Y.,194188,285034575,Florida Georgia Line - H.O.L.Y,70170,True,0,True,30,4,
341,419549565,Smooth,170240,353315900,"Luke Combs - When it Rain, it Pours.  Luke Bryan - Light it Up.  Kenny Chesney - All the Pretty Girls.  Florida Georgia Line - Smooth",808617,True,139,False,0,16457,
342,400689302,Never Be Like You,234909,242136202,Never Be Like You feat. Kai,235019,True,4901,False,0,1023359,SKIN
347,464509002,Chanel,210159,327431945,Frank Ocean - Chanel,220231,True,22,False,0,12982,
348,426194882,Ivy,249191,316823392,Frank Ocean - Ivy,225273,True,30,False,0,38398,
349,426194889,Nights,307151,315195071,Frank Ocean - Nights,308195,True,92,False,0,57875,R&B & Soul
350,426194881,Nikes,314075,339386218,Frank Ocean - Nikes,293982,True,0,False,0,38,R&B & Soul
351,426194883,Pink + White,184516,385793189,Frank Ocean - Pink + White,225170,True,5,False,0,4318,"Contemporary R&B, Psychedelic pop, Avant-garde music"
352,426194885,Solo,257380,322005297,Frank Ocean - Solo,258191,True,5,False,0,3817,R&B & Soul
353,410389161,It All Started with a Beer,237844,231214622,It All Started with a Beer,30000,True,61,False,0,16080,Country
354,420220785,No Shopping,227787,274056332,French Montana Ft. Drake - No Shopping (Instrumental),225065,True,7,False,0,2879,
355,425008215,Lockjaw,223213,274010268,French Montana - LockJaw (Remix) Ft. Gucci Mane & Kodak Black,225300,True,176,False,0,92421,Hip-hop & Rap
356,440464202,Unforgettable,233874,318856416,French Montana - Unforgettable Feat. Swae Lee ( NO MERCY BOOTLEG ),266551,True,1740,False,0,233917,Bootleg
359,438981026,Used to This,180581,291489174,FUTURE - USED TO THIS FT. DRAKE,160823,True,55,False,0,24952,Hip-hop & Rap
360,461544624,Selfish,251422,315632391,Rihanna Ft Future ( Selfish),210488,True,23,False,100,21654,Pop
361,461544611,Comin Out Strong,254369,374578235,"Future, The Weeknd - Comin Out Strong (EKAE Remix)",220911,True,33,False,0,1231,Deep House
362,399411296,Low Life,313159,239485245,Future + The Weeknd- Low Life [Prod. By Metro Boomin & Ben Billions],313159,True,4396,False,0,946850,Future
364,460043664,Draco,225134,317694112,Future - Draco,223315,True,1,False,0,128,Hip-hop & Rap
366,460043667,Mask Off,203962,310356779,Future - Mask Off,177126,True,487,False,0,101255,Hip-hop & Rap
367,40047992,New Level,267258,260313662,"A$AP Ferg - ""New Level"" ft. Future",267309,True,421,False,0,224985,Hip-hop & Rap
368,460043661,Rent Money,265366,310284969,Future-Rent money,132427,True,0,False,0,5,experimental
370,460043665,Super Trapper,230129,315124306,future Super Trapper,103428,True,1,False,0,21,Hip-hop & Rap
371,409931263,Wicked,173400,242401064,Wicked [Prod By Metro Boomin & Southside],173102,True,4320,False,0,919104,Future
372,460043663,Zoom,278429,308703843,Future - Zoom,232825,True,2,False,0,2500,LongOverdue3OTW  #Future #LEAK
375,466122659,Good Life,224573,312833568,G-Eazy & Kehlani - Good Life (from The Fate of the Furious: The Album),225613,True,1008,False,0,205330,Pop
379,432698444,Love On Me,205984,285368463,Galantis & Hook N Sling - Love On Me,205993,True,997,False,0,159513,Dance
381,408277809,No Money,189152,268358222,Galantis - No Money,189849,True,438,False,0,80488,Eletrônica
382,421148751,She Sets The City On Fire,218640,274030371,she sets the city on fire (Gavin Degraw Cover) [LIVE],156070,True,6,False,203,347,Indie/Alternative
383,18003388,Careless Whisper,300408,121699509,George Michael - Careless Whisper (1983),279536,True,204,False,0,47042,
385,18003404,Freedom! '90,388780,283484055,George Michael - Freedom '90,372096,True,0,False,0,88,
388,437605866,home,216047,289194238,home (feat. johnny yukon),30000,True,159,False,0,19223,Pop
389,34229234,i hate u i love u,226560,216383661,"i hate u, i love u (feat. olivia o'brien)",30000,True,5934,False,0,846417,Alternative
391,18054173,Come Together,227056,252613365,Come Together,30000,True,5,False,0,1647,Rock
392,421203253,Life Can't Get Much Better,204607,268987262,Life Can't Get Much Better,204688,True,3,False,0,746,Alternative
393,467665034,Saturnz Barz,181906,314141847,Saturnz Barz (feat. Popcaan),30000,True,768,False,0,69615,Alternative
395,418550484,You Don't Own Me,199600,248596151,Grace ft. G-Eazy - You Don't Own Me (Candyland Remix),197869,True,362,False,0,98517,drop
396,406096140,If the Boot Fits,170635,255616992,If the Boot Fits,30000,True,4,False,0,1441,Country
397,447281188,Both,190380,298167372,Gucci Mane - Both (Ft. Drake),181358,True,4465,False,0,1049266,1017
398,422104478,Pussy Print,215405,274756245,Gucci Mane - Pussy Print (Ft. Kanye West),194551,True,75,False,0,64235,1017
399,415793670,BACK ON ROAD,153408,267680966,Gucci Mane - Back On Road (Feat. Drake),155808,True,8,False,0,9529,Hip-hop & Rap
401,461544912,Make Love,302106,309317326,Gucci Mane - Make Love (ft. Nicki Minaj),307201,True,172,False,0,62233,Hip-hop & Rap
403,476245742,Want You Back,232299,345837490,HAIM - Want You Back,120357,True,0,True,8,17,
404,421148440,Starving,181916,288394390,"Hailee Steinfeld, Grey & Zedd - Starving (Zeper Ft. Emma Heesters Remix)",194578,True,372,False,0,31763,Tropical House
405,474932965,Most Girls,204451,318937265,Most Girls,30000,True,547,False,0,58461,Pop
407,476428979,Eyes Closed,201798,322542988,Halsey-Eyes Closed,202755,True,3,True,58,254,Pop
408,453185980,Not Afraid Anymore,226847,323178430,Halsey - Not Afraid Anymore,25131,True,1,False,0,1,
410,469744085,Now Or Never,213731,318120207,Halsey Now Or Never,218195,True,22,False,0,14493,Pop
413,470601889,Sign of the Times,340706,318157405,Harry Styles - Sign of the Times,242308,True,68,False,100,39385,Pop
414,475279864,Sweet Creature,224866,322370610,Harry Styles - Sweet Creature,237030,True,19,False,0,6561,Pop
415,431085609,Guys My Age,212349,282196496,Guys My Age,30000,True,352,False,0,51302,Pop
417,540865825,Make You Mine (Farmhouse Sessions),205139,235627947,Make You Mine,30000,True,63,False,0,11252,Country
418,511380700,What A Beautiful Name,238262,285133639,What A Beautiful Name (Live),30000,True,34,False,0,6524,Christian
420,467011995,Mo Bounce,222447,315691145,Iggy Azalea - Mo Bounce,184701,True,4,False,0,2195,Hip-hop & Rap
421,407007641,Team,209505,256847777,Iggy Azalea - Team (IG: @bayhas_arch),194656,True,178,False,0,40512,Hip Hop
424,509487950,Not Today,263105,274077771,Imagine Dragons - Not Today,252182,True,0,False,0,11,Pop
425,19945726,Radioactive,188000,96441813,Imagine Dragons - Radioactive (Synchronice Remix),308690,True,2890,False,0,145117,Electronic
426,474932841,Thunder,187146,334733635,Imagine Dragons - Thunder (Danny Delgado Remix),181176,True,841,False,40,160898,Dance y EDM
427,477320018,Whatever It Takes,201240,321874573,Imagine Dragons - Whatever It Takes,292023,True,440,False,0,47222,Alternative Rock
428,463081914,Did You See,184398,311058440,j hus - did you see,199515,True,68,False,0,67485,Hip-hop & Rap
429,445666482,4 Your Eyez Only,530253,296743194,4 Your Eyez Only,30000,True,244,False,0,73364,Hip Hop
431,445666475,Deja Vu,264746,296743155,Deja Vu,30000,True,510,False,0,219942,Hip Hop
432,445143546,False Prophets,237493,296433855,False Prophets,30000,True,414,False,0,113372,Hip Hop
433,445666480,Foldin Clothes,316920,305546145,Foldin' Clothes / J. Cole  SOUL FLIP (prod. by [w]),219552,True,59,False,0,3465,R&B & Soul
434,445666473,For Whom the Bell Tolls,127880,305875033,J.Cole - For Whom The Bell Tolls (Sire Remix),256076,True,5,False,0,226,Hip-hop & Rap
435,445666474,Immortal,201666,299216664,J. Cole - Immortal,188856,True,3,True,65,82,Hip-hop & Rap
436,445666479,Neighbors,216520,296743143,Neighbors,30000,True,503,False,0,243806,Hip Hop
439,445666476,Ville Mentality,194346,300645626,J.Cole - Ville Mentality (Remix),197921,True,2,False,0,322,Hip-hop & Rap
440,445144315,Everybody Dies,161889,296433842,everybody dies,30000,True,512,False,0,135658,Hip Hop
441,431079872,September Song,220342,280010790,September Song,30000,True,787,False,0,76086,Singer Songwriter
442,427614803,Hit or Miss,237983,279546924,Jacob Sartorius - Hit Or Miss,242229,True,13,False,0,714,Hip-hop & Rap
443,405562422,American Country Love Song,200698,276697560,Jake Owen - American Country Love Song,193637,True,1,False,0,27,Country
446,429528027,Say You Won't Let Go,211304,282535111,Say You Won't Let Go - James Arthur (Dylan James Cover),212603,True,298,False,0,58999,Pop
447,28571639,Let It Go,261198,144189921,Let It Go,30000,True,1222,False,0,257418,Alternative
448,421365293,A Little More Summertime,219428,277243101,Jason Aldean - A Little More Summertime (Brody Remix),201892,True,4,False,0,1071,Country
449,429482097,Any Ol' Barstool,203197,307819325,"Jason Aldean, 'Any Ol' Barstool'",210958,True,0,True,17,14,
450,411928438,Lights Come On,194298,272135452,Lights Come On Cover (Jason Aldean) by Joe Oakley,300096,True,1,False,0,120,country 
451,408440610,If It Ain't Love,203154,260008216,Jason Derulo -  if it ain't love,82737,True,4,False,0,102,Dance & EDM
454,420154644,Love Make the World Go Round,236379,273628801,Jennifer Lopez & Lin - Manuel Miranda - Love Make The World Go Round (Bruno Torres Remix),242333,True,140,False,0,701,Reggaeton
455,409031704,Ain't Your Mama,218290,258768353,Jennifer Lopez - Ain't Your Mama (DEEJAYDANNY BOOTLEG)HIT BUY FOR FREE DOWNLOAD !,196328,True,830,False,0,63743,Pop
456,37155258,Unlove You,233743,269749828,Unlove You - Jennifer Nettles (Cover),227469,True,1,True,97,84,Country
457,36215650,oui,238524,247924277,Jeremih - oui,236508,True,253,False,0,80844,R&B
459,459788730,God Only Knows,201848,309614742,God only Knows - John Legend Coverversion Piano,222218,True,1,True,14,12,
460,433681233,Love Me Now,210372,300355552,John Legend - Love Me Now,215608,True,11,False,100,3247,Pop
461,454698119,Changing,213933,303725097,John Mayer - Changing,212472,True,0,True,18,29,Piano
462,441102596,Love on the Weekend,212662,296697893,John Mayer - Love On The Weekend (Jimmy Fallon Live),204191,True,7,False,100,854,
463,454698118,Moving On and Getting Over,261933,322555895,John Mayer - Moving On And Getting Over (Cherokee Remix),285806,True,83,False,0,8154,Remix
464,472050059,You're Gonna Live Forever in Me,190013,323879087,John Mayer - You're gonna live forever in me,138279,True,0,False,0,1,
465,18824688,Ain't No Grave,173479,90558485,Johnny Cash- Ain't No Grave,169759,True,0,False,100,2,
466,34690628,All Time Low,221361,262192093,All Time Low,30000,True,3972,False,0,276302,Pop
468,463164348,Dirt on My Boots (Remix),206158,268367845,Dirt On My Boots,30000,True,380,False,0,48498,Country
469,406716680,Head Over Boots,202176,264908669,Head Over Boots  (itso Jon Pardi),201475,True,20,False,0,1313,country cover
470,415904450,Perfect Strangers,196649,267595667,Jonas Blue Feat. JP Cooper - Perfect Strangers (Jacob Waller Edit) Free Download,262632,True,2011,False,0,88200,Kick & Bass
471,437909145,By Your Side,201299,298615374,Jonas Blue By Your Side ft. RAYE (TonTon Remix),179111,True,6,False,0,3813,Dance & EDM
472,476323620,Mama,184133,327804672,Jonas Blue - Mama ft. William Singe (Joshua Perez Cover),180496,True,135,False,0,53745,Pop
476,444781920,Feliz Navidad,183053,299323918,Jose Feliciano - Feliz Navidad,90836,True,0,False,0,1,
477,35331621,Homecoming,331000,223436868,Homecoming,331053,True,4,False,0,638,sermonontherocks
478,412911055,Hometown Girl,216247,354916562,Kane Brown - Heaven.  Josh Turner - Hometown Girl.  Brett Young - In Case you Didn't Know.  Old Dominion - No Such thing as a Broken Heart,853342,True,267,False,0,42693,
479,555272188,Get Your Freedom,213642,498076221,Get Your Freedom,211428,True,1,False,0,1,Pop
481,17949125,Out Of The Darkness,317701,151052287,The Darkness,195597,True,2,True,116,25,Rock
483,458270106,Ain't Nothing,196464,308468261,Juicy J - Ain't Nothing (feat. Wiz Khalifa & Ty Dolla $ign),214823,True,2,False,0,3343,Hip-hop & Rap
484,475254859,Issues (Alan Walker Remix),181000,301745743,Issues,30000,True,1527,False,0,265021,Pop
485,36586669,Company,208120,273885040,Justin Bieber - Company,204661,True,105,False,0,49350,R&B
487,35847559,Sorry,200852,229718889,Sorry - Justin Bieber (Cover),217070,True,3651,False,156532,516956,sorry
488,36089106,You Look Like I Need A Drink,187506,253555590,You Look Like I Need A Drink,30000,True,32,False,0,8428,Country
491,34045604,Way Down We Go,219611,334905332,Kaleo - Way Down We Go,215633,True,19,False,0,32667,alternative
492,444548751,What Ifs,188253,348054503,Kane Brown Ft. Lauren Alaina - What Ifs (Cover),191469,True,2,True,229,471,Country
493,418603382,Ain't No Stopping Us Now,182517,5770969,McFadden & Whitehead - Ain't no stopping us now (DC Re Edit),485566,True,19,False,0,1002,Disco
494,417250140,Champions,334320,276186151,CHAMPIONS: KANYE WEST FT 2 CHAINZ GUCCI MANE DESIIGNER QUAVO BIG SEAN HIGH FIDELITY BASS BOOSTED MIX,368178,True,21,False,76,212,
496,409736449,Fade,199418,248265856,Kanye West - Fade (Ft. Ty Dolla $ign & Post Malone) (Instrumental) (Snippet),93265,True,27,False,0,5273,KanyeWest
500,511332442,Swish Swish,242155,323637175,Katy Perry - Swish Swish ft. Nicki Minaj,233060,True,200,False,0,49038,Pop
501,459062072,Chained to the Rhythm,237915,310164737,Chained To The Rhythm - Katy Perry ft. Skip Marley | Sapphire Cover,235045,True,76,False,0,9332,Pop
503,421203370,Rise,203520,282884760,Katy Perry - Rise,197138,True,0,True,133,90,Katy Perry
504,421203846,CRZY,191773,273117846,CRZY,30000,True,1154,False,0,271525,R&B
505,422132227,Distraction,235752,273875920,Distraction,30000,True,766,False,0,235006,R&B
506,418550482,Gangsta,177320,276879955,Gangsta,177413,True,1557,False,0,317558,
507,411907881,The Fighter,184111,266837556,The Fighter (Keith Urban & Carrie Underwood Cover),181070,True,39,False,0,735,Country
508,411921836,Blue Ain't Your Color,230667,289648144,"Blue, Ain't Your Color (Keith Urban Cover)",230080,True,56,False,0,4953,Country
510,407889913,Wasted Time,233871,265243360,Wasted Time - Keith Urban - Cover By Ali Brustofski (All that wasted time),203381,True,3,False,0,251,Wasted Time
511,406924327,This Is For My Girls,224119,258703598,"""This Is For My Girls"" Michelle Obama written by Diane Warren (Tracy Young First Lady remix)",395086,True,2,False,0,100,House
512,30706126,Piece By Piece,257746,249323422,Kelly Clarkson Performs Piece By Piece - AMERICAN IDOL,218350,True,70,False,0,14585,kelly clarkson
514,32185659,Peter Pan,200000,278648174,Kelsea Ballerini - Peter Pan,192852,True,0,False,0,8,
515,29779999,Yeah Boy,192731,216866565,Yeah Boy (Kelsea Ballerini) - Ivana (cover),181540,True,6,False,100,182,Pop
516,472045052,LOYALTY. ,227360,341108016,Kendrick Lamar  Rihanna  Loyalty,150243,True,0,False,0,8,
517,472045057,XXX.,254200,324597612,KENDRICK LAMAR FT. U2 - XXX PART 2 EXTENDED INSTRUMENTAL.mp3,163410,True,1,False,0,36,
518,472045056,LOVE.,213400,343891885,Kendrick Lamar-LOVE. (feat. Zacari).mp3,206700,True,419,False,0,148295,
520,472045048,DNA.,185946,329951946,Kendrick Lamar - DNA.,188935,True,11,False,0,1747,Hip-hop & Rap
526,469104548,HUMBLE.,181479,343388733,Kendrick Lamar - Humble (Skrillex Remix),156879,True,2763,False,0,239648,Hip-hop & Rap
531,472045053,PRIDE.,275253,320798238,Kendrick Lamar - PRIDE. (Louis Futon Flip),145801,True,300,False,1,39177,Electronic
532,467665298,The Heart Part 4,288624,57794084,"Kendrick Lamar — The Heart, Part 1",246428,True,21,False,0,9112,
535,423118975,Setting the World On Fire,220316,278344492,Setting The World On Fire - Kenny Chesney ft. P!nk (Acoustic Cover),208110,True,1,False,100,197,Country
536,437481001,Bar at the End of the World,208863,309473605,Bar At The End Of The World (Kenny Chesney Cover),172110,True,2,False,0,23,Country
537,407679566,Noise,203755,270365485,SINGIN KENNY CHESNEY - NOISE [ LIVE ],198391,True,0,False,0,5,Country
539,412175029,Don't Mind,198295,230476969,Kent Jones - Don't Mind (Remix)(feat. Trina & Amara La Negra),194420,True,505,False,840,65984,Dancehall
540,455311426,You,232524,390018540,Keyshia Cole - You Ft Remy Ma French Montana,280685,True,4,False,0,3798,
542,40188381,Promise,224287,260431260,Promise feat Fetty Wap (Video Link in Description),254116,True,150,False,0,26591,Hip-hop & Rap
544,1310993576,Picture,299337,47415887,01 - Picture - Kid Rock & Sheryl Crow Tribute,297700,True,134,False,100,19119,Rock
548,33728982,Gold,226301,210633688,Gold,30000,True,4378,False,0,582165,Pop
549,469104918,Conscience,219823,314361789,Conscience (feat. Future),30000,True,259,False,0,207281,Hip Hop
550,416700634,Everything 1K,186642,268562400,Everything 1K - Prod. By Dubba - AA,186661,True,398,False,0,162401,Hip-hop & Rap
551,460043975,Tunnel Vision,268225,306953430,Tunnel Vision,30000,True,10288,False,0,1426262,Hip Hop
554,475072467,First Time,193511,319945840,Kygo   Ellie Goulding - First Time,190110,True,3,False,0,755,Pop
555,460043372,It Ain't Me,219509,308091322,Kygo Selena Gomez - It Ain't Me,204296,True,11,False,0,2950,Dance & EDM
558,444269202,iSpy,253185,295926514,iSpy feat. Lil Yachty,253201,True,14822,False,0,1416041,Hip-hop & Rap
560,476428749,call the police,419892,321838453,"Unlit Cigarettes Episode Seventy -- LCD Soundsystem, ""Call the Police""",956431,True,0,False,0,3,Podcast
561,445867332,"Another Day Of Sun - From ""La La Land"" Soundtrack",228173,295741082,Another Day Of Sun,30000,True,87,False,0,12486,Soundtrack
562,454261724,You Look Good,180790,330279640,Lady Antebellum - You Look Good,182090,True,0,True,24,14,Country
563,2923152,Telephone,220000,255904793,Telephone (feat. Beyoncé),30000,True,101,False,0,19835,Pop
564,21038756,Just Dance,241000,255902452,Just Dance (feat. Colby O'Donis),30000,True,105,False,0,15849,Pop
565,436487058,A-YO,207720,286300732,Lady Gaga - A-yo [Dive Bar Tour],241080,True,5,False,0,463,Rock
566,21038466,Alejandro,274000,4845932,Lady GaGa - Alejandro,285913,True,8,False,133,3983,
567,27571440,Applause,212493,105119837,Lady Gaga - Applause (Official Audio),90000,True,1767,False,0,46541,ARTPOP
568,21038694,Bad Romance,266710,2429029,Lady Gaga - Bad Romance - Skrillex Club MASTER,360861,True,1988,False,0,48148,
569,21038660,Born This Way,260000,15793238,Lady Gaga - Born This Way,90443,True,192,False,0,17102,Pop
570,433223079,Million Reasons,205280,286875807,Lady Gaga - Million Reasons,203826,True,8,False,0,1112,Pop
571,21038711,Paparazzi,209319,255908043,Paparazzi,30000,True,90,False,0,19888,Pop
572,429482207,Perfect Illusion,182000,280697076,Lady Gaga - Perfect Illusion,77380,True,11,False,0,243,
573,21038748,Poker Face,237586,10835929,Lady Gaga - Poker Face,198135,True,18,False,108,5852,Dance
574,472045959,The Cure,211363,318730995,Lady Gaga - The Cure (Remix CHM),189718,True,35,False,1,14611,Pop
575,21038622,The Edge Of Glory,320914,14976826,Lady Gaga - The Edge Of Glory,90627,True,21,False,0,3804,Pop Electronic
579,460476155,Love,275884,308688247,Lana Del Rey-Love,270497,True,2,False,0,236,
580,456370721,Road Less Traveled,216894,327612236,Road Less Traveled - Lauren Alaina Cover,205210,True,0,True,16,17,Country
585,29357235,That Don't Sound Like You,210625,221655842,Lee Brice - That Don't Sound Like You (Cover),238285,True,6,False,100,1403,Lee Brice
587,20954641,Hallelujah,280111,72293253,Hallelujah (Leonard Cohen),225405,True,67,False,0,14803,Ballad
588,479223621,Strip That Down,204567,321743061,Liam Payne - Strip That Down ft. Quavo,160067,True,197,False,100,28418,
589,416011170,Money Longer,198974,245673410,Money Longer,30000,True,13086,False,0,1603882,Hip Hop
590,465920154,XO TOUR Llif3,182752,309689093,1.5- XO TOUR Llif3 (Produced By TM88),179948,True,19948,False,0,2040312,Alternative Rock
591,416011172,You Was Right,163970,259258214,You Was Right [Produced By Metro Boomin],164011,True,10067,False,0,1421035,Hip-hop & Rap
592,418550479,Sucker For Pain,244173,282854662,"Sucker For Pain - Lil Wayne, Wiz Khalifa & Imagine Dragons W Logic & Ty Dolla $ign (Voodoo Remix)",168165,True,5,False,0,945,Trap
594,472045317,Peek a Boo,247664,316396876,Peek A Boo (feat. Migos),30000,True,1255,False,0,359189,Hip Hop
596,440556143,"We Know The Way (From ""Moana"")",141453,292437745,"We Know The Way (From ""Moana"")",30000,True,245,False,0,20383,Soundtrack
597,460043750,Heavy,169773,307708325,Heavy (feat. Kiiara),30000,True,546,False,0,49531,Pop
598,460043748,Battle Symphony,216266,324728367,Linkin Park - Battle Symphony,161790,True,5,False,0,52,
599,436355832,Better Man,262037,287173727,Better Man,30000,True,48,False,0,9767,Country
600,29556027,Girl Crush,193000,182184205,Girl Crush - Little Big Town - Cover By Ali Brustofski (I've Got A Girl Crush),181698,True,275,False,0,19488,Girl Crush
601,414826275,One of Those Days,220055,66559759,"One of Those Days - Big Smo, Alexander King, Jon Conner",262685,True,37,False,100,2012,Outlaw Kuntry Hip Hop
602,461518912,When Someone Stops Loving You,229111,335891373,When Someone Stops Loving You (Little Big Town),245286,True,0,False,0,79,
603,463001868,No More Sad Songs,225303,380184536,Little Mix & Machine Gun Kelly( No More Sad Songs ) Speed Up,189118,True,0,False,0,4,
605,435413957,Shout Out to My Ex,246282,288435712,Little Mix - Shout Out To My Ex! - The X Factor UK 2016,251111,True,123,False,100,17856,Pop
606,441489088,Touch,213306,311147767,Little Mix Touch,225379,True,25,False,0,7457,Hip-hop & Rap
607,36271541,I Know Somebody,200829,286783320,Locash - I Know Somebody (KEM Remix),262162,True,44,False,0,386,87
608,479938313,Help Me Help You,151536,323292698,Logan Paul - Help Me Help You Ft. Why Don't We [Official Video],205053,True,1744,False,100,104125,help
609,476598254,1-800-273-8255,250173,318368285,1-800-273-8255 (feat. Alessia Cara & Khalid),30000,True,6268,False,0,658613,Hip Hop
610,471968913,Black SpiderMan,331266,317236671,Black SpiderMan (feat. Damian Lemar Hudson),30000,True,548,False,0,56617,Hip Hop
611,469065599,Everybody,162373,314321552,Everybody,30000,True,1462,False,0,188868,Hip Hop
612,416933035,Flexicution,219115,268983467,Logic - Flexicution,219135,True,1441,False,0,237655,Hip-hop & Rap
613,473602857,Brandy (You're a Fine Girl),186050,297284292,Brandy (You're a Fine Girl),30000,True,6,False,0,6357,Rock
614,31352424,The Night We Met,208000,326839194,Lord Huron - The Night We Met,208476,True,10,False,0,5728,
615,462895899,Green Light,234652,312255180,Lorde - Green Light,251138,True,28,False,0,9469,Pop
621,405599119,7 Years,237348,252064648,7 YEARS - Lukas Graham,147187,True,1042,False,0,130030,Pop
622,29777504,Mama Said,206811,256007634,Mama Said,30000,True,833,False,0,63184,Pop
625,33715047,"Huntin', Fishin' and Lovin' Every Day",278778,301124441,Luke Bryan - Huntin Fishin And Lovin Every Day (Live from CMA.mp3,454911,True,10,False,0,911,
626,33781249,Move,227529,255790678,Move,30000,True,157,False,0,19022,Country
627,436603401,Hurricane,224339,322587237,Luke Combs- Hurricane,204166,True,1,False,0,68,Country
628,479223495,One Number Away,221857,395638023,Kane Brown - Setting the Night on Fire.  Lanco - Greatest Love Story.  Luke Combs - One Number Away.  Morgan Wallen - Not Good at Not,817473,True,33,False,0,5480,
629,453463435,Jump,274909,302131554,Lupe Fiasco - Jump (feat. Gizzle),275041,True,43,False,0,14465,Hip-hop & Rap
630,5057912,Sweet Home Alabama,283706,171841738,Lynyrd Skynyrd - Sweet Home Alabama,264382,True,8,False,0,970,Lynyrd Skynyrd
631,434981551,Bad Things,239328,301335804,Machine Gun Kelly & Camila Cabello - Bad Things,240139,True,1,False,100,203,Pop
632,465973457,At My Best,200733,317129887,Machine Gun Kelly (feat. Hailee Steinfeld) - At My Best (Charlie Gentry Remix),195126,True,15,False,0,4072,Dance & EDM
634,433223221,Uber Everywhere,153530,213006897,Uber Everywhere Prod. K Swisha,143633,True,4572,False,0,957703,Sauce
635,465920775,Pretty Girl (Cheat Codes X CADE Remix),193677,310450590,Pretty Girl (Cheat Codes x Cade Remix),193689,True,502,False,0,155185,Remix
636,417247787,Red Dress,200855,273543450,Red Dress - MAGIC,254247,True,59,False,0,8750,Reggae
637,422132237,Cold Water ,185391,274933576,Cold Water - Major Lazer feat. Justin Bieber & MØ,191442,True,300,False,0,32647,Pop
639,456185021,Run Up,203029,304630428,Major Lazer - Run Up (feat. PARTYNEXTDOOR & Nicki Minaj),203250,True,748,False,0,172227,
643,473742957,Felices los 4,229900,318972380,Maluma - Felices los 4,209390,True,56,False,0,41277,
645,423997605,You & Me,218514,261522587,You & Me (feat. G-Eazy),30000,True,554,False,0,120084,Pop
646,466257131,80s Mercedes,211826,245456351,Maren Morris Performs '80's Mercedes',262292,True,1,False,0,205,Maren Morris
647,415792228,I Could Use a Love Song,196466,334068819,Maren Morris - I Could Use a Love Song,187890,True,2,False,0,20,
648,36668195,My Church,197996,237549572,maren morris my church vevo dscvr live,212839,True,5,False,0,1147,Maren
649,415793220,Once,233404,367824230,Alicia Keys & Maren Morris - Once (LIVE From The 59th GRAMMYs),235437,True,1,False,0,90,Country
650,455311527,I Don't,256186,306243473,🔥🔥🔥Mariah Carey - I Don't (Clean Remix) (Ft. YG & Jedidiah Breeze) *FREE DL*,294009,True,5,False,100,974,R&B & Soul
651,21233912,All I Want For Christmas Is You,241400,6736771,Mariah Carey - All I Want For Christmas Is You,242639,True,254,False,0,29781,
652,405226741,Down,197851,250078338,Down,30000,True,1592,False,0,200284,Electronic
654,29722263,Uptown Funk,270863,195379997,Mark Ronson ft. Bruno Mars - Uptown Funk (The Noisy Freaks ft. Andrew Hunt Remix),228643,True,586,False,0,64635,Funk
656,460039019,Cold,234308,321109141,Maroon 5 & Future - Cold (R3hab & Khrebto Remix),171248,True,61,False,0,19287,Dance & EDM
657,434974661,Don't Wanna Know,214480,288024883,Maroon 5 - Don't Wanna Know ft. Kendrick Lamar,193820,True,442,False,0,142038,Pop
659,21253949,She Will Be Loved,241973,25205494,Maroon 5 - She Will Be Loved,247551,True,229,False,0,81647,
660,412785957,Alone,273802,263961028,Marshmello - Alone,273892,True,1684,False,0,115185,Melodic Trap
661,423227295,In The Name Of Love,198878,275869874,Martin Garrix & Bebe Rexha - In The Name Of Love,198888,True,8171,False,0,1050401,+x
662,456175020,Scared To Be Lonely,220883,304744944,Martin Garrix & Dua Lipa - Scared To Be Lonely,220963,True,2018,False,0,380661,+x
665,439076364,Solo Dance,174968,292531071,Solo Dance - Martin Jensen ( remix MIster LEWIS ),230970,True,108,False,0,31875,Trap
666,442867358,Places,202755,318648131,Places Martin Solveig &  Ina Wroldsen  * * Cover Fabian Laumont Ft Misha Cordon,204087,True,2,False,0,1458,Deep House
670,445666805,When Christmas Comes Around,200829,297538496,Matt Terry - When Christmas Comes Around,138513,True,5,False,0,450,Pop
671,437802139,Litty,280682,291540654,Meek Mill - Litty Ft. Tory Lanez (DREAMCHASERS 4),263155,True,127,False,0,40401,Hip-hop & Rap
672,437802138,Blessed Up,201317,292409949,"Meek Mill, Blessed Up",189118,True,0,False,0,163,
673,437802144,Blue Notes,227857,291931340,Meek Mill - Blue Notes,213491,True,7,False,100,5242,
676,437802137,On The Regular,184180,292407695,"Meek Mill, On The Regular",172998,True,7,False,0,9263,
677,437802142,The Difference,205543,292254812,The Difference meek mill,210800,True,1,False,0,375,Trap
678,411314545,Mom,194960,336181132,Mom : Meghan Trainor,186845,True,1,False,0,96,
679,411921480,Me Too,181240,263277836,Meghan Trainor - Me Too (REMIX MMPBORKHUU) free downlaod,203800,True,453,False,0,50503,Meghan Trainor - Me Too (REMIX BORKHUU) free downlaod
681,405564682,NO,213577,198899885,Marvin Gaye ft. Meghan Trainor,190371,True,3230,False,0,432561,Marvin 
682,461301478,Even If,255160,328406048,Even If - MercyMe (Cover),256022,True,3,False,0,375,Religion & Spirituality
683,22064663,It's Beginning to Look a Lot Like Christmas,206602,62682267,It's Beginning To Look A Lot Like Christmas,30000,True,646,False,0,42410,Holiday
685,33854001,Think a Little Less,177493,257987254,Michael Ray - Think A Little Less,177570,True,29,False,0,6822,Country
686,437915058,Drinkin' Problem,221022,287673956,Drinkin' Problem,30000,True,35,False,0,25651,Country
687,456175182,Slippery,304041,304747566,SLIPPERY feat Gucci Mane,304145,True,5373,False,0,1187090,trap
689,456175185,Kelly Price,363934,304747499,KELLY PRICE feat. TRAVIS SCOTT,364023,True,1432,False,0,413814,trap
692,451126317,Call Casting,232705,302419882,Call Casting,232825,True,955,False,0,232536,Trap
693,456175181,Culture,153557,304747906,CULTURE feat DJ Khaled,153640,True,724,False,0,165282,
694,456185162,Get Right Witcha,257545,304747935,GET RIGHT WITCHA,257642,True,1853,False,0,564929,
697,452608821,T-Shirt,242407,302539535,T-SHIRT,242490,True,4691,False,0,970345,Hip-hop & Rap
698,454711525,What The Price,248506,303640120,What The Price,248603,True,765,False,0,205621,Trap
703,415904451,Nothing Is Promised,170736,267309991,Mike Will Made It & Rihanna - Nothing Is Promised,186922,True,2,False,0,2470,
705,441489066,Tin Man,259280,319111362,Miranda Lambert - Tin Man,250301,True,0,True,27,3,Country
706,421807460,Vice,239751,278112048,Vice - Miranda Lambert (Cover),183761,True,3,False,0,411,Country
707,455311628,I'm Better,213120,304801234,Missy Elliott - I'm Better Ft. Lamb (Pay´s Edit),237919,True,9,True,624,2364,Electronic
708,26788800,Get Ur Freak On,236426,94961922,Missy Elliott - Get Ur Freak On,74116,True,0,False,0,4,
711,417859611,Sexual,188917,266454087,Sexual (feat. Dyo),30000,True,644,False,0,131493,Dance
713,431695194,The Mack,167079,290841430,The Mack (feat. Mark Morrison & Fetty Wap),30000,True,98,False,0,28822,Dance
715,1794067,Can You Stand The Rain,288000,423362172,New Edition - Can You Stand the Rain,261875,True,17,True,75,1561,R&B & Soul
717,476428773,Slow Hands,188100,320938217,Slow Hands,30000,True,389,False,0,80911,Pop
718,432821657,This Town,232646,285306057,Niall Horan - This Town,218063,True,36,False,0,6908,
719,458697636,Bom Bidi Bom,214760,308684119,Bom Bidi Bom by Nick Jonas & Nicki Minaj (Felix Unique Séa Acapella Cover),65416,True,1,False,100,54,Soundtrack
720,407679604,Close,234266,262310630,Close - Nick Jonas ft. Tove Lo,178693,True,82,False,0,12008,Pop
722,407699898,Bacon,182987,527996370,Nick Jonas - Bacon,175061,True,0,False,0,7,Hip-hop & Rap
726,29307047,Jealous,222000,185478683,Nick Jonas - Jealous,222139,True,20,False,0,3024,Cover
727,464508165,No Frauds,271797,312518886,Nicki Minaj Drake Lil wayne - No Frauds,118580,True,1,True,33,6,
730,464508163,Regret In Your Tears,228591,314579371,Nicki Minaj - Regret In Your Tears (vocal cover),216443,True,2,False,0,2172,
731,454053869,El Amante,219567,329707502,El Amante Remix - Nicky Jam Ft. Bad Bunny y Ozuna,225849,True,80,False,0,69671,Reguetón
732,41632466,Hasta el Amanecer,197276,254362040,Nicky Jam - Hasta El Amanecer,193428,True,52,False,0,23829,
733,441102183,Make Me (Cry),242128,295235051,Noah Cyrus - Make Me (Cry) ft. Labrinth (Santiago Sobredo Remix) Free Download,236926,True,149,False,100,30821,World
734,480097833,I'm Stuck,187686,335942287,Noah Cyrus - I'm Stuck (Macwoofie Rework),164038,True,2,False,0,372,[ I ‿ I ]
736,402070458,Cut It ,222641,222108246,Cut It (feat. Young Dolph),30000,True,3165,False,0,638757,Rap/Hip Hop
738,464797028,No Such Thing as a Broken Heart,176053,354916562,Kane Brown - Heaven.  Josh Turner - Hometown Girl.  Brett Young - In Case you Didn't Know.  Old Dominion - No Such thing as a Broken Heart,853342,True,267,False,0,42693,
739,35737555,Snapback,206550,247515352,Snapback - Old Dominion,147265,True,15,False,0,1089,Country
740,399354123,Song for Another Time,191869,281287166,Old Dominion - Song For Another Time (Brody Remix),187340,True,2,False,0,896,Country
743,420154375,You Don't Know Love,198530,278946621,Olly Murs - You Don't Know Love (Rare Candy Remix) Official Remix,112492,True,7,False,0,1089,House
744,425298068,Kids,240195,293523595,Kids (Seeb Remix),30000,True,12,False,0,2803,Pop
745,412902104,Wherever I Go,170160,263871207,OneRepublic - Wherever I Go,175428,True,0,False,0,36,
747,409931224,Just Like Fire,215457,268074696,"P!nk - Just Like Fire (Warriors Light Em Up) Ft. Fall Out Boy, Imagine Dragons",201030,True,74,False,0,5008,Simple Song
748,407862766,Come and See Me ,235520,253413810,Come and See Me (feat. Drake),30000,True,5062,False,0,995366,R&B
749,422498572,Not Nice,202710,274807237,Not Nice,30000,True,2411,False,0,421544,R&B
750,472045114,Magnolia,181881,313711040,Playboi Carti - Magnolia  [Prod. Pierre Bourne],174305,True,227,False,0,36567,Hip-hop & Rap
751,464674326,Woke Up Like This,235473,312086983,Playboi Carti - Woke Up Like This Feat. Lil Uzi Vert,233451,True,25,False,0,6921,Hip-hop & Rap
752,418550488,Bohemian Rhapsody,361800,168159919,Panic! At The Disco - Bohemian Rhapsody,360027,True,210,False,0,10613,Panic at the disco
753,399366271,Death of a Bachelor,203546,226501388,Panic! at the Disco - Death of a bachelor (Layered),194681,True,353,False,2,20788,Panic!
754,473330715,Hard Times,182693,323975970,Paramore - Hard Times,176917,True,2,False,0,1449,Alternative Rock
755,508052974,Wonderful Christmastime,87066,30856218,Paul McCartney - Wonderful Christmastime,47090,True,0,False,100,1,
757,29544246,"Mary, Did You Know?",203415,177820506,Pentatonix Mary Did You Know,204740,True,6,False,0,5,Pentatonix
759,432821633,ペンパイナッポーアッポーペン(PPAP),44333,285428637,Piko Taro - Pen Pineapple Apple Pen (Hoaprox Remix)| FREE  PPAP DOWNLOAD,158395,True,193,False,0,1734,Dance & EDM
760,465973447,Messin' Around,222693,268906615,Pitbull Feat. Enrique Iglesias - Messin' Around DJ CHELO REMIX2016 frei,174148,True,1,False,0,1006,
761,422073926,Greenlight,244218,274832485,Pitbull Feat. Flo Rida & Lunchmoney Lewis - Greenlight (Colin Jay's House Re Edit),284578,True,0,False,0,155,House
763,4236245,Hey There Delilah,233064,101533028,Plain White T's - Hey There Delilah,255736,True,7,False,0,1330,Pop
765,463197560,Feel It Still,163291,310455689,Feel It Still,163331,True,969,False,0,195324,Alternative
767,439076170,Congratulations,220285,290414336,Congratulations (feat. Quavo),30000,True,8631,False,0,1345558,Hip Hop
769,1324277585,Go Flex (Instrumental) remake,177088,258950402,Go Flex,30000,True,1142,False,0,406657,Hip Hop
770,21393218,1999,376242,259325528,1999 (Edit),30000,True,74,False,0,11898,Pop
771,442898770,I Would Die 4 U,178986,260499092,Prince - I Would Die 4 U,231622,True,2,False,100,120,
772,442898775,Kiss,226240,429999198,Prince - Kiss,208632,True,0,False,0,39,Pop
773,442898758,Let's Go Crazy,230120,330456065,"Let's Go Crazy, Delirious, 1999, Little Red Corvette, Take Me With You, Free (Atlanta 1985)",1683880,True,0,False,0,111,
774,442898756,Little Red Corvette,188613,365071046,Prince - Little Red Corvette,289437,True,0,False,0,3,
775,5104554,Purple Rain,319843,299514458,Prince Purple Rain,439629,True,7,False,0,44,Soundtrack
776,26675182,Raspberry Beret,213279,487944819,Prince - Raspberry Beret,200665,True,0,False,0,1,
777,442898757,When Doves Cry,228280,260499076,Prince - When Doves Cry,300461,True,2,False,100,45,
778,29803675,Fight Song,204721,211083128,Fight Song - Rachel Platten - Cover By Ali Brustofski (This is my Fight Song),201892,True,568,False,0,28196,Fight Song
779,4264434,Creep,235666,53305793,Radiohead - Creep,236210,True,7,False,0,1449,Rock
780,425008183,Black Beatles,291893,282926956,Rae Sremmurd (Feat. Gucci Mane x Dru Wills) Black Beatles UNAUTHORIZED remix,304877,True,3482,False,0,285836,Hip-hop & Rap
783,410100384,Look Alive,228000,262672465,Look Alive,30000,True,3604,False,0,779158,Hip Hop
784,1305364454,Swang (Remix),169038,311618687,Rae Sremmurd - Swang [Remix by kaptn],209626,True,763,False,6717,174141,Trap
786,422073136,Human,199546,424799376,Rag'n'Bone Man - Human,199698,True,0,False,0,133,Pop
788,455653437,Skin,239856,304983548,Rag'n'Bone Man - Skin,254195,True,2,False,0,106,Pop
789,418550511,Light of the Seven,589094,271208176,Ramin Djawadi - Light Of The Seven,588175,True,1,False,0,107,Piano
790,1304866114,I Like The Sound Of That,210050,277683542,Big Sky Country - I Like the Sound of That (Rascal Flatts Cover) - (Live @ Vapor 8/5/16),282828,True,1,False,0,48,Country
791,451521969,Yours If You Want It,205775,328743920,Rascal Flatts - Yours If You Want It,48957,False,0,True,35,1,Country
793,411907891,Dark Necessities,302027,280143530,Red Hot Chili Peppers - Dark Necessities,89163,True,0,False,0,31,
795,461864625,Shether,417564,331097479,Remy Ma- Shether,409768,True,0,False,0,11,
796,464508507,Trap Trap Trap,275720,317551668,Rick Ross - Trap Trap Trap (Feat. Young Thug & Wale),174670,True,0,True,61,89,Trap
801,422790145,Chill Bill,177240,403417971,Rob $tone - Chill Bill Ft. J.Davis Spooks (Dir. Alex Vibe),194055,True,1,False,0,1226,
803,436603224,Love My Life,208320,318430393,Robbie Williams - Love My Life,208319,True,0,False,0,50,
804,442869301,Shed a Light,191448,294167349,Robin Schulz & David Guetta & Cheat Codes - Shed a Light,191469,True,378,False,0,53527,Dance
807,423205037,Losin Control,237897,266664921,Russ- Losin Control,239277,True,445,False,0,90546,Hip-hop & Rap
808,423205038,What They Want,165224,280466039,Russ- What They Want ft. That Boy A.B.,166022,True,259,True,4094,91135,Hip-hop & Rap
809,31563654,Lost Boy,275330,230253522,Ruth B - Lost Boy,273552,True,221,False,100,8539,Piano
812,434664423,Thumbs,216453,284390424,Thumbs,30000,True,547,False,0,29701,Pop
813,435422677,Now and Later,199941,286533680,Now and Later,193270,True,468,False,0,119138,Hip Hop
814,455311478,Body Like a Back Road,165433,304609118,Body Like A Back Road,30000,True,1097,False,0,148643,Country
815,451520881,Drinkin' Too Much,232315,303553754,Drinkin' Too Much,30000,True,7,False,0,3200,Country
816,29592103,Make You Miss Me,225000,286809951,Sam Hunt - Make You Miss Me,90627,True,1,False,0,10,Country
818,412951628,THat Part,316371,273015512,ScHoolboy Q Ft Kanye West - That Part  (Cover),307437,True,17,False,100,347,Hip-hop & Rap
820,486194966,Five More Minutes,238994,425410764,Scotty McCreery- Five More Minutes,237945,True,2,False,0,183,Country
821,441491066,No Lie,221239,295419103,Sean Paul ft. Dua Lipa - No Lie (BVRNOUT Remix),181306,True,247,False,0,127395,Dance & EDM
823,478920958,Bad Liar,213610,328315707,Selena Gomez - Bad Liar,213335,True,25,False,100,809,
827,19130449,Merry Christmas Everyone,221179,126322068,Shakin' Stevens - Merry Christmas Everyone,228749,True,2,False,0,56,Christmas
828,437802151,Chantaje,195674,290513759,Shakira Ft. Maluma - Chantaje (Bruno Torres Remix),185277,True,992,False,0,185365,Reggaeton
829,3406580,Hips Don't Lie,218410,152976324,Shakira (ft. Wyclef Jean) vs Goleo VI - Hips Don't Lie - Bamboo (djFilipe 2006 FIFA World Cup Remix),394850,True,109,False,0,50926,Mashup
830,470601501,Me Enamoré,225854,327486443,Shakira - Me Enamoré (The Voice France),162000,True,21,False,0,17601,Pop
831,405485737,Try Everything,196853,262869782,Shakira - Try Everything (Zootopia) (nightcore),183187,True,365,False,100,46928,
832,420154630,Mercy,208733,279076547,MERCY - SHAWN MENDES,193846,True,752,False,0,105598,Pop
833,31090820,Stitches,206000,232937008,Stitches (3LAU Remix) - Shawn Mendes,207718,True,2136,False,27140,362822,Remix
834,473602620,There's Nothing Holdin' Me Back,198649,321188852,There's Nothing Holdin' Me Back (NOTD Remix),30000,True,121,False,0,18080,Pop
835,415904452,Treat You Better,188003,277786587,SHAWN MENDES - TREAT YOU BETTER,158656,True,45,True,300,14170,Pop
836,428642533,The Greatest,210938,458118336,SIA & Kendrick Lamar “the greatest”,210096,True,1,True,0,7,Dancehall
839,32019061,California Dreamin',216146,205037388,Sia - California Dreamin',216287,True,185,False,0,61797,Sia
844,438462977,Find Me,204498,289897021,Find Me (feat. Birdy),30000,True,282,False,0,17334,Dance
846,422094553,Purple Lamborghini,215536,274793736,Skrillex & Rick Ross - Purple Lamborghini,215581,True,5769,False,0,560180,Skrillex
847,4286643,Merry Xmas Everybody,238893,123663922,Merry Xmas Everybody-Slade Cover,206099,True,0,False,0,40,Acoustic
848,451521633,Don't Leave,214738,305784272,Snakehips & MØ - Don't Leave (Gryffin Remix),233399,True,353,False,0,77943,
850,416554432,Kush Ups,237040,268044091,Kush Ups (ft. Wiz Khalifa),238101,True,471,False,0,111922,Hip-hop & Rap
851,432821607,Don't Touch My Hair,257602,305165661,Solange/Sampha-Don't Touch My Hair (Marco's Rework),235907,True,1,True,28,64,Hip-hop & Rap
852,432821602,Cranes in the Sky,251030,287210543,SOLANGE - CRANES IN THE SKY (KAYTRANADA DJ EDIT),291291,True,785,True,40967,78824,Ambient
853,441491712,Call on Me (Ryan Riback Remix),222098,284224399,Starley - Call On Me (Ryan Riback Remix)[Tinted],195831,True,719,False,0,145459,Pop
855,1322354459,Just Hold On,198817,297272406,Steve Aoki & Louis Tomlinson - Just Hold On,198078,True,725,False,0,132680,Dance & EDM
857,461544636,Big For Your Boots,238426,308201340,Stormzy - Big For Your Boots (Live Lounge),223106,True,51,False,0,15923,Hip-hop & Rap
858,410519071,All Around You,215759,420065568,Mike Williams - All Around You (Sturgill Simpson Cover),136110,True,0,False,0,0,Critical Shower Singing
861,460323344,Giants,233613,318315876,Take That - Giants (Cover by Jessie),232902,True,0,False,0,7,Pop
862,445702292,I'm Still Standing,187853,300110729,Taron Egerton - I'm Still Standing,181855,True,52,False,0,172,
864,461347521,First Day Out,254746,321186997,Tee Grizzley - First Day Out,261196,True,623,False,0,188728,Hip-hop & Rap
865,461347998,Something Just Like This,247626,313627932,The Chainsmokers & Coldplay - Something Just Like This (Dzeko Remix),165082,True,489,False,0,127919,Dance & EDM
866,402070862,Don't Let Me Down,208373,257939729,The Chainsmokers ft. Daya - Don't Let Me Down (W&W Remix),156643,True,2796,False,0,499117,Dance & EDM
868,423228325,Closer,244960,284250119,The Chainsmokers & Halsey- Closer (R3hab Remix),160929,True,1009,False,0,229247,Dance & EDM
869,432698441,All We Know,194080,288994227,The Chainsmokers - All We Know Ft Phoebe Ryan (Paris Blohm & Nolan van Lith Remix),208136,True,414,False,0,53914,Electronic
870,32639368,Roses,226795,238944090,Justin Bieber & The Chainsmokers ft. Rozes - Love Yourself x Roses (JC Rivera Edit),292911,True,884,False,0,162160,bieber
876,453185808,Paris,221520,303078164,The Chainsmokers - Paris,191965,True,29,False,0,7876,Pop
880,530631461,Glad All Over,166373,246737130,GLAD ALL OVER (orig. by The Dave Clark Five),38299,True,0,False,0,5,Dave Clark Five
881,417833431,All Eyez ,215382,269599926,The Game - All Eyez featuring Jeremih,215372,True,249,False,0,90347,Hip-hop & Rap
883,405372748,Kiss The Sky,215388,241616169,Kiss The Sky (feat. Wyclef Jean),30000,True,246,False,0,37055,Electronic
884,402668464,Ophelia,160156,252672820,The Lumineers - Ophelia,169236,True,14,False,0,10735,the Lumineers
885,1319690105,Hypnotize,173456,229754584,The Notorious B.I.G. - Hypnotize,219658,True,70,False,0,32115,the
886,26695013,Fairytale of New York,272933,201743368,Fairytale of New York (feat. Kirsty MacColl),30000,True,5,False,0,2338,Pop
888,440354464,Wish I Knew You,274128,210359817,Wish I Knew You,274180,True,104,False,0,25829,Rock
889,399620640,Spirits,203702,217907773,Spirits,30000,True,368,False,0,39277,Alternative
890,434981518,All Night,197857,298979951,"All Night (The Vamps,matoma)",132400,True,32,False,0,6429,
892,441491167,I Feel It Coming,269186,299004384,I FEEL IT COMING (cover) - The Weeknd ft. Daft Punk,227781,True,134,False,0,36929,R&B & Soul
894,442869476,All I Know,321002,298592881,All I Know (The Weeknd x Future Type Beat) PREVIEW,137495,True,1,False,0,181,Hip-hop & Rap
895,442869472,Sidewalks,231287,296602442,The Weeknd Ft. Kendrick Lamar - Sidewalks (Instrumental / Karaoke) FREE DL,232668,True,4,False,0,229,Hip-hop & Rap
896,442869474,A Lonely Night,219043,310154039,A Lonely Night - The Weeknd (Davina Leone Cover).mp3,133080,True,0,False,0,126,
900,442867526,Die For You,259085,312050082,The Weeknd - Die For You,253986,True,2,False,0,661,
903,442869473,Love To Lay,223335,308615072,"""Love to Lay"" - The Weeknd Cover Instrumental",244972,True,0,False,0,11,
904,442867525,Nothing Without You,196333,311909823,The Weeknd - Nothing Without You (Acoustic),180157,True,3,False,0,795,R&B e Soul
906,442307182,Party Monster,251846,303209232,THE WEEKND - Party Monster,194420,True,0,False,0,46,Pop
907,493705842,Reminder (Remix),222014,335411272,Reminder (Remix) [feat. ASAP Rocky & Young Thug],30000,True,280,False,0,93742,R & B
911,442867523,Six Feet Under,237526,295790319,Six Feet Under (The Weeknd Cover),263233,True,8,False,0,1572,R&B & Soul
913,442867522,Stargirl Interlude,110585,296968539,The Weeknd Feat. Lana Del Rey - Stargirl Interlude (Carlo Prato Instrumental Edit),120800,True,0,False,0,99,Dance & EDM
915,21968164,Seven Nation Army,232882,10240918,The White Stripes - Seven Nation Army (The Glitch Mob Remix),257247,True,5421,False,221,247165,remix
917,469104391,Craving You,227373,336925412,Craving You - Thomas Rhett feat Maren Morris (Cover by Travis Atreo and Colton Haynes).mp3,239539,True,0,False,0,253,
918,34743038,Die A Happy Man,227474,353306357,Kane Brown - What ifs.  Sam Hunt - House Party.  Thomas Rhett - Die a Happy Man.   Dierks Bently - Somewhere on a Beach,814887,True,235,False,0,31768,
919,434656051,Star Of The Show,181237,288862778,Thomas Rhett - Star Of The Show,59120,False,1,True,57,5,Country
921,34248082,Vacation,223294,221269009,Thomas Rhett 'Vacation',137703,True,5,False,0,158,thomas rhett
924,467665066,Speak to a Girl,231967,358110872,Tim McGraw & Faith Hill - Speak To A Girl,236873,True,0,False,0,3,Country
925,36199035,How I'll Always Be,210075,320950993,Tim McGraw - How I'll Always Be (Mat Cooper Cover),215556,True,0,False,0,24,Country
926,36094050,Humble And Kind,260086,253657686,"Humble And Kind - Tim McGraw - Diamond, Tyler Ward, & KHS Cover",208607,True,32,False,0,2834,
927,421203208,Superlove,183855,273973857,"Tinashe ""Superlove""",154607,True,3,False,100,1191,
928,454698147,Text from Your Ex,205380,304548444,Tinie Tempah ft. Tinashe - Text From Your Ex (Fraze Remix),226162,True,42,False,0,925,Pop
929,430114453,You Want Me,188395,306446834,Tom Zanetti x Sadie Ama - You Want Me (92 Sounds Remix),248839,True,162,False,0,10150,Bassline
931,416424596,LUV,228075,267135343,LUV,30000,True,3147,False,0,670414,R & B
932,424060456,Cool Girl,199227,298994961,Tove Lo - Cool Girl (Two Friends Remix),256780,True,249,False,0,52284,Dance & EDM
933,432916435,Play That Song,241423,307655350,Train - Play That Song (KHS & VINCINT Cover),139088,True,53,False,0,4650,
934,428591257,beibs in the trap,213925,284228366,Travis Scott - Beibs In The Trap ft. Nav (C&S Remix),278308,True,23,False,0,9894,Chopped & Screwed
935,428642135,goosebumps,243902,285350472,Goosebumps (Josh Koya Cover) Travis Scott,243849,True,942,False,102,162542,Hip-hop & Rap
936,460298582,Nobody Else But You,228786,396353352,Trey Songz - Nobody Else But You,196955,True,1,False,0,414,Hip-hop & Rap
937,418550450,WILD,219533,233627052,Troye Sivan - Wild (Hibell Remix),220440,True,838,False,0,69312,Deep House
938,36668810,YOUTH,185200,252767905,Troye Sivan - Youth,191417,True,6,False,0,2222,acoustic
939,401656818,Rock On,214595,253566487,Rock On,30000,True,10,False,0,3176,Country
940,447926889,Heathens,274448,274942852,Twenty One Pilots - Heathens (DISTO Remix),218560,True,11306,False,0,332485,Trap
941,430315596,Cancer,236878,282960185,Cancer - Twenty One Pilots Cover (layered),223446,True,308,False,0,10160,
943,31967200,Ride,214505,279142102,Twenty One Pilots - Ride,245442,True,437,False,0,45091,Electronic
945,31654490,Stressed Out,202335,248359385,Tomsize x Twenty One Pilots - Stressed Out,224281,True,3210,False,9273,435693,Dance & EDM
946,450605016,Feel Me,200016,307967158,Feel Me - Tyga / Kanye West (Remix),200038,True,14,False,14,168,Hip-hop & Rap
948,416552297,No Limit,228941,275336197,Usher - No Limit (feat. Young Thug) [A JAYBeatz Remix] #HVLM,272378,True,5,False,114,1300,R&B & Soul
950,21974794,Yeah!,250373,248740464,Usher - Yeah,235932,True,38,False,0,11924,Remix
951,420134273,Hands,263784,125443868,"Nemo Achida - ""Hands On"" ft. BJ The Chicago Kid",241367,True,64,False,1668,953,Keys Open Doors LLC
952,454698267,Running Back,215504,302382939,Running Back (feat. Lil Wayne),30000,True,188,False,0,120375,Rap/Hip Hop
953,415786364,MY PYT,235702,281125221,"Wale feat Sam Sneak ""My Pyt"" (King Most Redirection)",247585,True,0,False,1,29,Hip-hop & Rap
957,414979120,Pull Up ,207438,265780901,Wiz Khalifa - Pull Up Ft. Lil Uzi Vert,209678,True,200,False,0,54142,Hip-hop & Rap
958,27943228,I Wish It Could Be Christmas Everyday,279000,123221220,I wish It Could Be Christmas Everyday-Wizzard Cover,244710,True,0,False,0,36,christmas
962,447079586,Look At Me!,151092,239777850,XXXTENTACION - Look At Me! (Prod. ROJAS & Jimmy Duval),151106,True,23755,False,57462,1690269,Members Only
964,447280983,Everyday We Lit,197231,298120035,Everyday We Lit Ft. PnB Rock,197295,True,2780,False,0,763301,Hip-hop & Rap
965,415904544,Why You Always Hatin?,196649,264014623,Why You Always Hatin? (feat. Drake & Kamaiyah),30000,True,1451,False,0,412941,Hip Hop
966,403811018,Law,257306,260570580,Yo Gotti - Law ft. E-40,255970,True,18,False,100,4067,Hip-hop & Rap
967,403811018,Law,257306,260985304,Yo gotti law,108103,True,1,False,0,14,
968,399511402,Moolah,204068,206587218,Young Greatness - Moolah (Prod. Jazze Pha),204112,True,440,False,2869,178804,Rap
969,428350827,Ooouuu ,234591,280962050,Young M.A - OOOUUU,301246,True,325,False,0,37654,Hip-hop & Rap
970,415793940,Pick Up The Phone,252360,272056842,Young Thug & Travis Scott - Pick Up The Phone feat. Quavo PARODY!,219057,True,62,False,0,12809,Comedy
974,467011996,Still Got Time,188551,314291304,ZAYN - STILL GOT TIME FT PARTYNEXTDOOR,168609,True,47,False,100,32777,Pop
979,457770457,My Old Man,227265,310077304,My Old Man- Zac Brown Band,237343,True,1,False,0,90,Country
983,428375694,Ain't My Fault,224453,287201834,Zara Larsson - Ain't My Fault (Macky Gee X Phantasy Bootleg),273945,True,603,True,51071,99714,Drum & Bass
984,440207445,I Would Like,224573,299448025,Zara Larsson - I Would Like (R3hab Remix),147082,True,440,False,0,93669,Dance & EDM
985,32785200,Lush Life,201168,242110723,Zara Larsson - Lush Life,254195,True,11,False,0,2675,
993,461518855,Stay,210000,313966275,"Alessia Cara, Zedd - Stay (delgrosso remix)",207143,True,667,False,0,78732,Dance & EDM
996,423314487,Trouble,173844,276363235,Trouble,30000,True,270,False,0,27513,Dance
